time,signal
1,7.5675
2,5.921666667
3,6.256666667
4,6.238333333
5,6.951666667
6,6.551666667
7,6.856666667
8,6.731666667
9,5.646666667
10,4.046666667
11,3.983333333
12,4.426666667
13,4.686666667
14,4.846666667
15,5.496666667
16,5.086666667
17,5.543333333
18,5.321666667
19,6.453333333
20,6.721666667
21,7.546666667
22,7.338333333
23,7.853333333
24,7.4
25,5.816666667
26,4.03
27,3.732
28,3
29,2.9
30,3.225
31,4.176666667
32,4.86
33,4.981666667
34,5.255
35,5.971666667
36,6.913333333
37,6.771666667
38,7.793333333
39,6.728333333
40,6.155
41,6.613333333
42,6.703333333
43,5.981666667
44,7.73
45,8.353333333
46,8.016666667
47,9.101666667
48,8.055
49,7.678333333
50,7.018333333
51,6.882
52,7.003333333
53,7.206666667
54,6.583333333
55,6.943333333
56,6.648333333
57,7.485
58,6.766666667
59,7.181666667
60,7.983333333
61,7.508333333
62,7.841666667
63,7.415
64,6.606666667
65,6.834
66,7.4
67,7.196666667
68,6.495
69,4.23
70,3.69
71,3.03
72,4.263333333
73,4.871666667
74,7.698333333
75,7.698
76,7.043333333
77,6.438333333
78,8.256666667
79,9.051666667
80,9.596666667
81,9.604
82,9.013333333
83,8.703333333
84,8.358333333
85,7.8475
86,7.163333333
87,6.825
88,6.788333333
89,6.48
90,6.43
91,6.22
92,6.578333333
93,6.321666667
94,5.295
95,4.571666667
96,2.77
97,3.795
98,3.756666667
99,3.943333333
100,3.768333333
101,2.655
102,4.07
103,4.936666667
104,4.933333333
105,6.261666667
106,7.056666667
107,9.17
108,10.465
109,11.155
110,11.29333333
111,10.33
112,9.058
113,7.476666667
114,6.111666667
115,6.68
116,9.984
117,9.586
118,9.27
119,7.448
120,8.806666667
121,8.181666667
122,7.106666667
123,6.895
124,8.883333333
125,9.161666667
126,10.295
127,9.995
128,9.33
129,9.484
130,9.258
131,9.53
132,11.286
133,8.965
134,8.246666667
135,8.626
136,10.9825
137,11.275
138,11.37
139,10.53
140,9.596666667
141,11.075
142,9.708333333
143,7.246666667
144,6.97
145,5.566666667
146,5.371666667
147,5.635
148,6.005
149,5.29
150,5.46
151,5.96
152,6.721666667
153,6.353333333
154,6.318333333
155,6.02
156,6.628333333
157,5.748333333
158,5.543333333
159,6.261666667
160,6.856666667
161,6.693333333
162,6.093333333
163,6.5
164,7.273333333
165,7.006666667
166,8.805
167,8.665
168,7.718333333
169,7.666666667
170,8.74
171,6.916666667
172,7.441666667
173,8.283333333
174,9.165
175,9.153333333
176,9.425
177,7.731666667
178,8.053333333
179,6.343333333
180,6.956666667
181,6.32
182,5.443333333
183,5.133333333
184,6.186666667
185,7.213333333
186,7.295
187,7.96
188,9.188333333
189,9.001666667
190,8.148333333
191,8.511666667
192,9.036666667
193,8.558333333
194,8.173333333
195,7.42
196,8.246666667
197,7.753333333
198,6.395
199,7.535
200,7.616666667
201,7.126666667
202,6.893333333
203,6.89
204,7.141666667
205,6.765
206,6.633333333
207,5.353333333
208,5.005
209,5.851666667
210,4.783333333
211,5.243333333
212,5.415
213,5.585
214,7.213333333
215,8.093333333
216,7.95
217,8.076666667
218,7.678
219,6.931666667
220,6.438333333
221,5.381666667
222,4.398333333
223,4.385
224,4.865
225,3.954
226,4.045
227,5.813333333
228,6.761666667
229,7.29
230,5.736666667
231,5.471666667
232,3.55
233,3.176666667
234,3.235
235,4.198
236,3.2925
237,4.105
238,3.216666667
239,3.17
240,3.973333333
241,3.116666667
242,4.6875
243,5.175
244,5.945
245,5.771666667
246,4.676666667
247,4.535
248,4.026666667
249,4.783333333
250,4.03
251,2.52
252,5.413333333
253,6.106666667
254,5.985
255,7.201666667
256,8.148333333
257,6.92
258,7.498333333
259,7.413333333
260,7.438333333
261,7.791666667
262,7.816666667
263,8.193333333
264,8.231666667
265,8.01
266,8.611666667
267,7.683333333
268,7.423333333
269,7.496666667
270,7.081666667
271,6.688333333
272,6.111666667
273,7.758333333
274,7.775
275,8
276,8.715
277,9.216666667
278,8.706666667
279,7.998333333
280,8.898333333
281,9.45
282,9.81
283,8.755
284,8.371666667
285,8.028
286,7.173333333
287,7.718333333
288,7.583333333
289,7.656666667
290,3.35
291,3.315
292,2.931666667
293,1.921666667
294,1.125
295,0.658333333
296,1.526666667
297,1.898333333
298,1.14
299,1.426666667
300,2.886
301,3.236666667
302,2.79
303,4.2
304,5.186666667
305,6.491666667
306,6.755
307,6.348333333
308,5.546666667
309,7.1325
310,9.03
311,9.89
312,12.938
313,11.635
314,10.7
315,12.3075
316,13.58333333
317,12.16333333
318,10.41
319,8.661666667
320,6.99
321,7.375
322,5.145
323,5.845
324,6.456666667
325,7.478333333
326,7.715
327,7.068333333
328,7.381666667
329,7.703333333
330,7.048
331,6.745
332,7.535
333,7.892
334,9.006666667
335,8.156666667
336,9.658333333
337,9.372
338,8.614
339,5.923333333
340,4.148333333
341,5.63
342,6.001666667
343,7.193333333
344,7.952
345,9.6125
346,8.98
347,7.29
348,6.52
349,6.878333333
350,5.313333333
351,4.52
352,5.113333333
353,6.14
354,7.635
355,7.563333333
356,6.706666667
357,7.024
358,7.234
359,7.025
360,8.256666667
361,10.13333333
362,7.63
363,7.528333333
364,6.411666667
365,6.651666667
366,7.133333333
367,7.261666667
368,6.453333333
369,5.795
370,6.166666667
371,5.773333333
372,3.605
373,3.16
374,4.385
375,4.168333333
376,3.9
377,3.4825
378,3.508333333
379,4.736666667
380,3.731666667
381,3.668333333
382,3.96
383,4.686666667
384,6.832
385,7.74
386,6.05
387,5.701666667
388,5.456666667
389,5.461666667
390,5.248333333
391,5.531666667
392,5.4
393,6.721666667
394,5.968333333
395,4.755
396,4.463333333
397,5.331666667
398,5.371666667
399,5.196
400,4.851666667
401,4.94
402,4.658333333
403,4.326666667
404,5.145
405,5.22
406,5.216666667
407,5.173333333
408,4.265
409,5.138333333
410,5.378333333
411,5.531666667
412,5.365
413,5.775
414,6.016666667
415,6.185
416,6.403333333
417,6.605
418,6.393333333
419,5.018333333
420,4.463333333
421,5.84
422,6.175
423,5.608333333
424,5.133333333
425,5.095
426,4.951666667
427,4.77
428,5.066666667
429,5.476666667
430,6.245
431,5.731666667
432,6.19
433,6.45
434,7.0175
435,7.485
436,6.816
437,6.564
438,7.695
439,8.35
440,7.6525
441,6.35
442,5.38
443,5.716666667
444,4.97
445,4.545
446,3.763333333
447,3.6625
448,3.14
449,3.823333333
450,4.31
451,5.108
452,8.835
453,8.17
454,7.2525
455,6.331666667
456,6.835
457,6.535
458,7.2275
459,7.57
460,8.255
461,7.4425
462,6.325
463,5.183333333
464,4.638333333
465,4.428333333
466,3.544
467,2.955
468,5.12
469,5.298333333
470,5.283333333
471,6.21
472,7.166666667
473,6.645
474,6.673333333
475,6.535
476,6.611666667
477,6.608333333
478,6.99
479,6.951666667
480,6.033333333
481,5.516666667
482,4.865
483,4.09
484,3.798333333
485,3.298
486,3.02
487,3.025
488,3.08
489,3.343333333
490,4.903333333
491,4.736666667
492,3.421666667
493,3.19
494,3.73
495,4.221666667
496,3.77
497,3.72
498,3.8875
499,3.786666667
500,3.4
501,3.888333333
502,5.645
503,5.425
504,7.32
505,8.248333333
506,8.341666667
507,7.71
508,7.681666667
509,7.471666667
510,7.2525
511,5.52
512,6.066666667
513,5.315
514,5.18
515,5.953333333
516,6.393333333
517,5.883333333
518,6.418333333
519,6.126666667
520,5.943333333
521,6.071666667
522,6.51
523,6.666666667
524,6.421666667
525,6.843333333
526,7.868333333
527,7.666666667
528,7.546666667
529,4.965
530,6.532
531,7.56
532,7.743333333
533,6.575
534,6.446666667
535,5.346666667
536,5.903333333
537,6.255
538,4.771666667
539,3.783333333
540,3.076
541,4.408333333
542,2.61
543,3.275
544,2.845
545,3.116666667
546,3.168
547,3.13
548,4.6225
549,3.596
550,4.648333333
551,6.906666667
552,6.978333333
553,5.466666667
554,5.398333333
555,5.115
556,5.065
557,5.09
558,5.013333333
559,5.505
560,5.093333333
561,4.561666667
562,3.766666667
563,4.111666667
564,3.725
565,3.915
566,3.642
567,3.735
568,4.831666667
569,3.801666667
570,3.135
571,4.741666667
572,5.406666667
573,7.095
574,5.848333333
575,5.171666667
576,4.0875
577,4.635
578,4.1
579,4.516666667
580,5.8
581,6.721666667
582,7.748333333
583,6.643333333
584,7.141666667
585,8.01
586,9.778333333
587,11.944
588,12.0475
589,13.15
590,11.93
591,11.91666667
592,11.60333333
593,10.64333333
594,9.366
595,9.82
596,9.598333333
597,11.20166667
598,11.795
599,11.16
600,12.855
601,10.772
602,6.798333333
603,6.393333333
604,6.251666667
605,6.855
606,7.873333333
607,9.215
608,9.106666667
609,10.65833333
610,9.838333333
611,10.06
612,9.86
613,8.571666667
614,8.138333333
615,8.525
616,10.13333333
617,10.626
618,9.48
619,8.176666667
620,8.872
621,9.588333333
622,9.25
623,9.198333333
624,9.546666667
625,10.422
626,10.745
627,10.96
628,11.15833333
629,10.25
630,8.33
631,8.283333333
632,8.4625
633,9.086
634,8.994
635,8.896
636,9.01
637,8.331666667
638,8.233333333
639,8.031666667
640,9.884
641,9.1875
642,8.822
643,8.738333333
644,8.878
645,8.865
646,9.496666667
647,8.4725
648,6.606666667
649,6.726666667
650,7.436666667
651,6.041666667
652,5.496666667
653,5.598333333
654,4.631666667
655,5.116666667
656,6.431666667
657,6.405
658,8.026666667
659,8.223333333
660,8.486666667
661,8.105
662,7.565
663,7.638333333
664,7.48
665,10.52
666,10.305
667,9.64
668,7.416
669,7.38
670,7.643333333
671,7.735
672,7.92
673,9.0425
674,9.204
675,10.12333333
676,10.38333333
677,10.35333333
678,9.26
679,8.556666667
680,8.243333333
681,7.695
682,6.888333333
683,6.55
684,6.668333333
685,5.875
686,6.261666667
687,6.204
688,4.715
689,4.57
690,4.391666667
691,4.978333333
692,4.93
693,4.695
694,4.943333333
695,4.645
696,4.785
697,5.793333333
698,5.998333333
699,6.655
700,8.74
701,9.4975
702,7.563333333
703,8.028
704,7.806666667
705,7.405
706,8.191666667
707,7.786666667
708,7.905
709,7.976666667
710,7.05
711,7.196666667
712,7.4
713,6.52
714,6.836666667
715,5.108333333
716,7.813333333
717,5.266666667
718,5.041666667
719,6.288333333
720,6.923333333
721,5.653333333
722,6.065
723,6.471666667
724,5.091666667
725,5.313333333
726,6.606666667
727,6.405
728,6.853333333
729,6.438333333
730,5.111666667
731,7.266666667
732,7.806
733,6.018333333
734,6.853333333
735,5.963333333
736,6.751666667
737,6.803333333
738,6.023333333
739,4.916666667
740,5.403333333
741,5.673333333
742,5.293333333
743,4.141666667
744,3.901666667
745,3.426666667
746,4.403333333
747,5.025
748,5.346666667
749,5.31
750,5.136666667
751,5.163333333
752,4.803333333
753,5.335
754,5.221666667
755,6.043333333
756,7.29
757,6.713333333
758,6.58
759,7.151666667
760,7.041666667
761,7.7475
762,6.768333333
763,6.435
764,6.19
765,5.668333333
766,5.783333333
767,6.871666667
768,6.46
769,4.571666667
770,5.35
771,6.75
772,7.755
773,8.64
774,8.84
775,8.126666667
776,8.5
777,7.72
778,7.1
779,6.97
780,9.25
781,9.65
782,9.77
783,9.52
784,7.82
785,7.69
786,8.595
787,9.75
788,8.96
789,8.81
790,9.943333333
791,7.89
792,8.44
793,7.641666667
794,6.856666667
795,7.31
796,7.963333333
797,8.864
798,7.606666667
799,7.151666667
800,6.851666667
801,5.66
802,5.661666667
803,7.41
804,8.524
805,7.255
806,5.33
807,5.226666667
808,6.32
809,6.841666667
810,6.251666667
811,6.563333333
812,6.436666667
813,6.278333333
814,6.518333333
815,7.401666667
816,6.26
817,8.091666667
818,7.313333333
819,7.85
820,7.745
821,8.38
822,7.471666667
823,8.02
824,8.44
825,9.748
826,8.91
827,7.495
828,4.8675
829,4.043333333
830,4.765
831,7.465
832,7.77
833,9.615
834,8.25
835,8.8975
836,10.425
837,8.676666667
838,9.346666667
839,9.66
840,9.84
841,8.705
842,7.591666667
843,7.658333333
844,7.526666667
845,8.178333333
846,8.946666667
847,10.83333333
848,10.59
849,9.065
850,8.25
851,8.52
852,7.86
853,7.55
854,10
855,10.026
856,11.07
857,12.14
858,11.116
859,8.831666667
860,8.836666667
861,7.51
862,7.973333333
863,7.383333333
864,7.433333333
865,6.876666667
866,8.878333333
867,8.371666667
868,7.72
869,8.45
870,8.645
871,7.778333333
872,9.073333333
873,7.053333333
874,7.174
875,7.1375
876,8.08
877,8.488333333
878,6.88
879,8.423333333
880,8.44
881,9.2225
882,8.386666667
883,8.541666667
884,8.126666667
885,9.028333333
886,8.836666667
887,6.91
888,7.121666667
889,7.153333333
890,6.51
891,6.07
892,5.555
893,5.908333333
894,5.723333333
895,5.343333333
896,4.858333333
897,4.01
898,3.12
899,3.25
900,3.1
901,4.09
902,3.6175
903,3.13
904,2.715
905,3.46
906,3.23
907,2.97
908,3.25
909,3.26
910,4.41
911,5.53
912,7.216666667
913,7.278333333
914,8.725
915,9.161666667
916,8.225
917,8.28
918,7.645
919,7.44
920,7.905
921,7.941666667
922,8.67
923,7.395
924,7.561666667
925,7.07
926,9.558333333
927,9.783333333
928,9.06
929,7.43
930,7.266666667
931,7.32
932,7.86
933,7.686666667
934,7.6075
935,9.456666667
936,10.67
937,10.2875
938,9.454
939,9.7075
940,9.76
941,9.621666667
942,9.445
943,10.248
944,9.902
945,9.693333333
946,8.531666667
947,7.375
948,7.368333333
949,7.413333333
950,7.288333333
951,6.34
952,7.203333333
953,6.445
954,7.705
955,8.556666667
956,8.418333333
957,7.428333333
958,8.225
959,7.12
960,9.058333333
961,8.268333333
962,7.111666667
963,6.996666667
964,6.933333333
965,6.875
966,6.461666667
967,6.753333333
968,7.41
969,6.88
970,6.135
971,6.775
972,6.906666667
973,7.105
974,7.385
975,7.196666667
976,7.89
977,8.728333333
978,8.862
979,9.67
980,9.885
981,12.48
982,10.8825
983,9.57
984,8.9125
985,9.006666667
986,10.88
987,11.05
988,10.9675
989,10.94
990,10.495
991,9.996666667
992,8.92
993,10.0875
994,9.056
995,10.45833333
996,9.91
997,8.768333333
998,9.646666667
999,9.265
1000,9.501666667
1001,9.418333333
1002,9.368333333
1003,8.886666667
1004,8.533333333
1005,7.945
1006,7.665
1007,6.438333333
1008,6.715
1009,6.975
1010,7.023333333
1011,7.053333333
1012,6.665
1013,6.416666667
1014,6.958333333
1015,5.916666667
1016,5.713333333
1017,5.618333333
1018,5.356666667
1019,4.851666667
1020,4.748333333
1021,3.983333333
1022,4.14
1023,4.27
1024,4.345
1025,4.903333333
1026,4.723333333
1027,5.326666667
1028,5.588333333
1029,5.875
1030,5.406666667
1031,5.496666667
1032,5.538333333
1033,4.95
1034,4.923333333
1035,4.206666667
1036,3.72
1037,4.828333333
1038,4.655
1039,3.423333333
1040,2.8
1041,3.24
1042,4.95
1043,4.5175
1044,4.93
1045,2.7
1046,2.95
1047,4.435
1048,4.326666667
1049,4.318333333
1050,5.073333333
1051,5.598333333
1052,5.02
1053,5.59
1054,5.741666667
1055,5.43
1056,6
1057,5.43
1058,5.2275
1059,4.725
1060,5.69
1061,5.266666667
1062,5.34
1063,5.011666667
1064,5.238333333
1065,2.78
1066,4.32
1067,6.241666667
1068,5.221666667
1069,5.151666667
1070,6.306666667
1071,7.108
1072,7.441666667
1073,8.088333333
1074,8.586666667
1075,8.086666667
1076,7.1025
1077,7.6
1078,8.226
1079,9.02
1080,9.875
1081,9.553333333
1082,9.081666667
1083,7.828333333
1084,8.168
1085,8.026666667
1086,9.138333333
1087,9.383333333
1088,10.51166667
1089,11.245
1090,10.66333333
1091,9.3
1092,10.18833333
1093,9.698333333
1094,10.23166667
1095,9.696666667
1096,9.811666667
1097,9.775
1098,10.23
1099,11.01
1100,12.12166667
1101,12.65833333
1102,12.22166667
1103,10.61166667
1104,11.29166667
1105,10.088
1106,9.148333333
1107,10.73833333
1108,9.584
1109,6.453333333
1110,4.908333333
1111,3.673333333
1112,4.566
1113,4.948333333
1114,7.033333333
1115,7.416666667
1116,7.588333333
1117,7.263333333
1118,8.653333333
1119,8.396666667
1120,7.865
1121,8.125
1122,7.635
1123,6.523333333
1124,6.54
1125,4.508333333
1126,3.826666667
1127,2.966
1128,3.35
1129,5.128
1130,5.383333333
1131,3.743333333
1132,3.271666667
1133,3.53
1134,3.03
1135,2.875
1136,3.13
1137,3.24
1138,3.09
1139,3.883333333
1140,3.326666667
1141,3.175
1142,4.3575
1143,4.04
1144,4.445
1145,2.9175
1146,4.621666667
1147,5.571666667
1148,5.545
1149,5.1
1150,7.203333333
1151,7.3
1152,7.333333333
1153,8.163333333
1154,8.611666667
1155,8.611666667
1156,7.715
1157,6.61
1158,9.525
1159,11.575
1160,9.141666667
1161,9.311666667
1162,8.508333333
1163,7.211666667
1164,7.251666667
1165,6.074
1166,8.3425
1167,7.428
1168,6.916666667
1169,6.08
1170,5.746666667
1171,6.525
1172,8.26
1173,9.43
1174,9.828333333
1175,9.402
1176,10.66
1177,8.02
1178,9.44
1179,10.374
1180,9.363333333
1181,11.195
1182,12.125
1183,12.61
1184,9.5
1185,9.086666667
1186,10.37
1187,9.891666667
1188,9.932
1189,8.718
1190,10.35
1191,9.598333333
1192,10.42
1193,10.04333333
1194,7.738333333
1195,8.133333333
1196,7.94
1197,6.975
1198,7.763333333
1199,6.438333333
1200,6.311666667
1201,6.196666667
1202,4.466666667
1203,6.781666667
1204,6.425
1205,7.258333333
1206,7.432
1207,5.801666667
1208,9.413333333
1209,5.995
1210,6.521666667
1211,5.48
1212,7.716666667
1213,7.805
1214,8.005
1215,6.703333333
1216,5.97
1217,5.981666667
1218,5.144
1219,3.47
1220,3.763333333
1221,3.89
1222,5.071666667
1223,4.72
1224,3.873333333
1225,4.81
1226,5.368333333
1227,4.843333333
1228,4.55
1229,4.02
1230,3.27
1231,1.86
1232,4.091666667
1233,3.938
1234,3.09
1235,2.926666667
1236,4.506666667
1237,5.446666667
1238,5.958333333
1239,5.67
1240,5.928333333
1241,4.818333333
1242,6.216666667
1243,7.376666667
1244,8.18
1245,8.436
1246,8.25
1247,8.12
1248,8.196
1249,7.5325
1250,6.966666667
1251,6.916666667
1252,5.925
1253,3.86
1254,4.3175
1255,5.433333333
1256,5.953333333
1257,5.466666667
1258,6.43
1259,6.13
1260,6.141666667
1261,6.421666667
1262,6.141666667
1263,6.245
1264,6.991666667
1265,7.37
1266,8.75
1267,7.946666667
1268,8.063333333
1269,7.013333333
1270,6.736666667
1271,5.661666667
1272,6.143333333
1273,7.17
1274,5.6
1275,6.175
1276,6.61
1277,5.72
1278,8.61
1279,8.515
1280,9.36
1281,8.198333333
1282,9.686666667
1283,11.49333333
1284,10.53333333
1285,9.1
1286,10.96833333
1287,10.235
1288,9.234
1289,10.91
1290,8.663333333
1291,8.2
1292,7.958
1293,7.153333333
1294,7.313333333
1295,6.188333333
1296,7.071666667
1297,7.691666667
1298,7.36
1299,7.703333333
1300,8.415
1301,9.3775
1302,9.784
1303,8.0525
1304,6.93
1305,8.8
1306,10.27833333
1307,11.29333333
1308,11.32
1309,10.035
1310,8.62
1311,8.216666667
1312,6.745
1313,8.633333333
1314,6.2425
1315,6.743333333
1316,7.356666667
1317,6.49
1318,7.738333333
1319,9.42
1320,8.343333333
1321,7.56
1322,9.22
1323,10.17
1324,10.83
1325,9.9
1326,9.885
1327,7.751666667
1328,7.116666667
1329,6.686666667
1330,7.373333333
1331,7.808333333
1332,8.328333333
1333,8.145
1334,8.851666667
1335,10.38333333
1336,11.46833333
1337,11.885
1338,10.866
1339,8.971666667
1340,6.583333333
1341,6.235
1342,7.598333333
1343,10.07166667
1344,8.701666667
1345,8.946666667
1346,10.505
1347,9.271666667
1348,8.408333333
1349,9.686666667
1350,10.29
1351,8.17
1352,6.42
1353,8.163333333
1354,6.693333333
1355,8.198333333
1356,8.956
1357,9.346
1358,9.095
1359,9.03
1360,12.45
1361,11.24666667
1362,8.381666667
1363,6.725
1364,7.995
1365,8.261666667
1366,5.903333333
1367,5.46
1368,4.843333333
1369,4.491666667
1370,6.271666667
1371,6.066666667
1372,7.406666667
1373,6.303333333
1374,7.421666667
1375,6.67
1376,7.818333333
1377,6.866666667
1378,7.098333333
1379,5.943333333
1380,7.806666667
1381,8.346666667
1382,9.815
1383,7.624
1384,7.025
1385,6.228
1386,6.003333333
1387,8.24
1388,9.356666667
1389,8.066666667
1390,7.038333333
1391,5.731666667
1392,6.882
1393,7.62
1394,12.4825
1395,11.8225
1396,8.955
1397,6.666666667
1398,6.223333333
1399,4.203333333
1400,3.918333333
1401,4.828333333
1402,5.565
1403,4.995
1404,5.35
1405,5.568333333
1406,5.398333333
1407,4.751666667
1408,3.998333333
1409,5.743333333
1410,5.216666667
1411,4.35
1412,3.03
1413,3.17
1414,3.42
1415,3.24
1416,2.89
1417,4.8475
1418,5.858333333
1419,6.576666667
1420,7.548333333
1421,6.526666667
1422,5.423333333
1423,6.631666667
1424,6.966666667
1425,6.508333333
1426,8.053333333
1427,7.83
1428,6.6825
1429,6.795
1430,5.75
1431,5.006666667
1432,4.163333333
1433,3.973333333
1434,5.093333333
1435,5.198333333
1436,5.108333333
1437,5.251666667
1438,4.151666667
1439,4.563333333
1440,4.415
1441,4.781666667
1442,4.776666667
1443,5.475
1444,5.881666667
1445,5.518333333
1446,6.335
1447,8.368333333
1448,8.495
1449,8.776666667
1450,8.408333333
1451,7.878333333
1452,7.08
1453,5.911666667
1454,5.17
1455,4.046
1456,4.775
1457,3.686666667
1458,3.648
1459,3.675
1460,5.538333333
1461,5.453333333
1462,4.575
1463,4.55
1464,5.031666667
1465,4.565
1466,4.813333333
1467,5.273333333
1468,4.745
1469,6.578333333
1470,5.486666667
1471,2.826666667
1472,5.56
1473,7.39
1474,6.815
1475,5.295
1476,6.66
1477,7.35
1478,8.48
1479,6.81
1480,7.713333333
1481,7.046666667
1482,9.351666667
1483,7.72
1484,7.726666667
1485,5.691666667
1486,5.576666667
1487,6.251666667
1488,5.766666667
1489,5.262
1490,3.758333333
1491,3.493333333
1492,3.716666667
1493,4.618333333
1494,6.608333333
1495,7.973333333
1496,7.576666667
1497,7.37
1498,7.165
1499,7.453333333
1500,7.411666667
1501,7.888333333
1502,7.198333333
1503,6.841666667
1504,7.648333333
1505,6.896666667
1506,7.0975
1507,6.606666667
1508,6.523333333
1509,6.296
1510,5.484
1511,5.388333333
1512,5.4975
1513,7.025
1514,6.17
1515,6.533333333
1516,5.973333333
1517,6.755
1518,9.67
1519,9.78
1520,8.021666667
1521,9.268333333
1522,9.836666667
1523,8.17
1524,10.35
1525,9.9
1526,10.9
1527,11.60166667
1528,7.255
1529,6.936666667
1530,9.383333333
1531,6.64
1532,5.028333333
1533,7.171666667
1534,7.34
1535,7.235
1536,6.951666667
1537,6.595
1538,6.336666667
1539,6.106666667
1540,6.168333333
1541,7.312
1542,8.22
1543,8.944
1544,10.42
1545,11
1546,8.716666667
1547,8.0125
1548,6.916
1549,5.233333333
1550,5.43
1551,7.638333333
1552,7.196666667
1553,7.436
1554,8.974
1555,9.391666667
1556,9.431666667
1557,7.3
1558,4.21
1559,3.35
1560,1.92
1561,4.23
1562,3.75
1563,3.06
1564,3.216666667
1565,3.6125
1566,3.72
1567,2.59
1568,2.73
1569,2.94
1570,3.02
1571,4.756666667
1572,5.67
1573,4.096666667
1574,5.491666667
1575,5.94
1576,6.14
1577,7.153333333
1578,7.483333333
1579,8.176666667
1580,5.028333333
1581,3.895
1582,4.278333333
1583,5.181666667
1584,4.986
1585,6.575
1586,5.298333333
1587,5.468333333
1588,5.993333333
1589,7.322
1590,5.845
1591,3.486666667
1592,2.876666667
1593,3.816666667
1594,5.131666667
1595,5.833333333
1596,5.591666667
1597,6.135
1598,6.435
1599,5.551666667
1600,7.12
1601,6.158333333
1602,6.493333333
1603,6.236666667
1604,6.678333333
1605,7.215
1606,5.941666667
1607,5.666666667
1608,5.431666667
1609,5.728333333
1610,5.376666667
1611,4.698333333
1612,4.18
1613,4.371666667
1614,5.138333333
1615,4.303333333
1616,4.055
1617,4.308333333
1618,4.878333333
1619,4.78
1620,5.745
1621,6.85
1622,7.58
1623,7.48
1624,7.573333333
1625,7.115
1626,7.411666667
1627,6.891666667
1628,6.755
1629,6.9
1630,7.155
1631,8.353333333
1632,8.765
1633,8.796666667
1634,8.765
1635,8.375
1636,8.14
1637,7.186666667
1638,5.823333333
1639,6.888333333
1640,7.766666667
1641,7.833333333
1642,8.81
1643,9.191666667
1644,9.583333333
1645,9.745
1646,9.302
1647,7.81
1648,8.688333333
1649,8.646666667
1650,8.415
1651,8.79
1652,7.888333333
1653,7.286666667
1654,6.811666667
1655,8.06
1656,9.098333333
1657,9.385
1658,7.21
1659,5.501666667
1660,4.41
1661,3.336
1662,3.03
1663,3.05
1664,4.016666667
1665,4.228333333
1666,4.858333333
1667,5.433333333
1668,6.163333333
1669,7.211666667
1670,6.363333333
1671,5.173333333
1672,5.088333333
1673,5.49
1674,5.946666667
1675,6.82
1676,4.801666667
1677,3.42
1678,2.935
1679,3.2425
1680,3.263333333
1681,4.458333333
1682,4.871666667
1683,4.956666667
1684,5.175
1685,3.4975
1686,3.893333333
1687,3.916666667
1688,3.492
1689,3.92
1690,5.561666667
1691,5.653333333
1692,4.995
1693,5.218333333
1694,6.521666667
1695,6.033333333
1696,6.496666667
1697,6.96
1698,8.275
1699,8.021666667
1700,7.785
1701,7.115
1702,5.798333333
1703,5.45
1704,6.6
1705,6.036666667
1706,4.885
1707,3.31
1708,2.55
1709,3.005
1710,3.976
1711,5.558333333
1712,5.228333333
1713,5.483333333
1714,4.811666667
1715,5.02
1716,4.2
1717,3.516666667
1718,4.931666667
1719,4.248333333
1720,3.466666667
1721,4.901666667
1722,6.071666667
1723,5.881666667
1724,6.058333333
1725,6.128333333
1726,6.813333333
1727,6.148333333
1728,5.093333333
1729,5.61
1730,6.53
1731,7.323333333
1732,7.943333333
1733,8.088333333
1734,8.88
1735,8.22
1736,9.32
1737,8.086666667
1738,9.09
1739,9.033333333
1740,7.9
1741,7.796666667
1742,11.79
1743,10.74333333
1744,8.616666667
1745,8.792
1746,6.77
1747,9.158333333
1748,8.353333333
1749,9.67
1750,9.596666667
1751,10.102
1752,8.986666667
1753,7.91
1754,9.96
1755,10.004
1756,13.6825
1757,13.88
1758,9.706666667
1759,8.493333333
1760,8.211666667
1761,8.855
1762,9.572
1763,6.268333333
1764,5.788333333
1765,4.156
1766,9.6275
1767,9.293333333
1768,9.223333333
1769,8.305
1770,6.875
1771,5.538333333
1772,5.03
1773,4.576666667
1774,5.1
1775,5.195
1776,6.586666667
1777,8.06
1778,9.224
1779,8.096
1780,7.128333333
1781,7.505
1782,7.5875
1783,8.3825
1784,7.6
1785,7.44
1786,4.546666667
1787,2.67
1788,2.625
1789,3.13
1790,3.42
1791,4.7075
1792,4.865
1793,5.666666667
1794,6.643333333
1795,6.538333333
1796,6.885
1797,7.758
1798,9.178333333
1799,7.868333333
1800,7.323333333
1801,7.913333333
1802,7.565
1803,7.571666667
1804,7.981666667
1805,7.593333333
1806,9.348333333
1807,11.52166667
1808,10.92
1809,11.28166667
1810,8.794
1811,7.82
1812,7.12
1813,7.12
1814,6.183333333
1815,7.236666667
1816,6.351666667
1817,6.256666667
1818,5.381666667
1819,4.2
1820,6.808333333
1821,8.285
1822,7.901666667
1823,6.093333333
1824,4.666666667
1825,4.723333333
1826,4.126666667
1827,4.465
1828,3.725
1829,4.22
1830,5.93
1831,6.426666667
1832,4.913333333
1833,5.143333333
1834,6.318333333
1835,6.39
1836,5.87
1837,3.913333333
1838,3.536666667
1839,4.025
1840,4.476666667
1841,4.875
1842,4.715
1843,5.831666667
1844,6.668333333
1845,7.616666667
1846,6.716666667
1847,5.245
1848,5.445
1849,6.626666667
1850,6.611666667
1851,5.976666667
1852,4.88
1853,4.935
1854,6.448333333
1855,6.426666667
1856,6.885
1857,6.071666667
1858,5.28
1859,6.263333333
1860,6.035
1861,4.4
1862,5.053333333
1863,4.735
1864,4.168333333
1865,5.605
1866,6.925
1867,5.195
1868,5.705
1869,4.388333333
1870,4.611666667
1871,5.266666667
1872,4.233333333
1873,3.725
1874,3.53
1875,3.245
1876,5.516666667
1877,7.508333333
1878,8.273333333
1879,7.823333333
1880,7.968333333
1881,6.906666667
1882,4.903333333
1883,4.223333333
1884,3.44
1885,5.17
1886,5.881666667
1887,4.951666667
1888,4.963333333
1889,5.736666667
1890,5.365
1891,5.17
1892,5.378333333
1893,5.77
1894,5.931666667
1895,5.778333333
1896,6.496666667
1897,6.875
1898,8.713333333
1899,8.511666667
1900,8.746666667
1901,7.813333333
1902,4.791666667
1903,4.531666667
1904,3.948333333
1905,4.806666667
1906,4.566666667
1907,4.868333333
1908,4.976666667
1909,4.513333333
1910,5.978333333
1911,6.57
1912,4.993333333
1913,5.85
1914,6.075
1915,5.115
1916,4.721666667
1917,5.865
1918,5.14
1919,4.05
1920,3.866666667
1921,4.831666667
1922,6.385
1923,7.285
1924,6.903333333
1925,6.688333333
1926,6.21
1927,4.881666667
1928,4.186666667
1929,3.878333333
1930,3.63
1931,5.541666667
1932,4.816666667
1933,4.16
1934,7.38
1935,7.995
1936,6.655
1937,7.238333333
1938,6.006666667
1939,3.75
1940,4.31
1941,3.875
1942,4.616666667
1943,5.676666667
1944,4
1945,3.535
1946,4.671666667
1947,5.113333333
1948,4.272
1949,3.7125
1950,3.81
1951,4.785
1952,4.74
1953,5.345
1954,5.935
1955,5.138333333
1956,2.98
1957,4.67
1958,4.906666667
1959,5.785
1960,6.363333333
1961,6.263333333
1962,5.69
1963,6.285
1964,5.928333333
1965,6.788333333
1966,7.405
1967,7.72
1968,8.645
1969,8.858333333
1970,8.203333333
1971,7.675
1972,7.833333333
1973,7.22
1974,5.466666667
1975,5.431666667
1976,4.778333333
1977,6.495
1978,6.976666667
1979,5.498333333
1980,6.173333333
1981,4.186
1982,4.855
1983,6.528333333
1984,6.72
1985,6.81
1986,8.256666667
1987,7.111666667
1988,6.775
1989,6.82
1990,7.776666667
1991,8.73
1992,8.86
1993,9.77
1994,9.25
1995,9.03
1996,8.616666667
1997,7.555
1998,7.445
1999,7.833333333
2000,8.93
2001,10.535
2002,8.265
2003,7.953333333
2004,6.82
2005,6.181666667
2006,5.488333333
2007,5.553333333
2008,5.943333333
2009,6.813333333
2010,7.676666667
2011,7.296666667
2012,6.511666667
2013,6.088333333
2014,5.776666667
2015,5.475
2016,4.623333333
2017,4.455
2018,5.886
2019,4.35
2020,4.925
2021,5.276666667
2022,5.636666667
2023,5.82
2024,5.505
2025,5.311666667
2026,6.073333333
2027,6.861666667
2028,7.775
2029,6.843333333
2030,7.348333333
2031,7.358333333
2032,7.131666667
2033,5.821666667
2034,5.366666667
2035,5.806666667
2036,5.09
2037,4.581666667
2038,4.786666667
2039,5.823333333
2040,4.45
2041,4.305
2042,4.74
2043,4.565
2044,4.63
2045,4.293333333
2046,3.62
2047,4.92
2048,4.245
2049,3.19
2050,4.593333333
2051,4.548333333
2052,5.35
2053,5.473333333
2054,4.58
2055,5.681666667
2056,7.853333333
2057,8.81
2058,9.795
2059,10.55
2060,8.445
2061,7.89
2062,10.1
2063,11.58
2064,9.195
2065,7.77
2066,11.91
2067,12.4
2068,10.54
2069,10.65
2070,11.295
2071,9.11
2072,8.293333333
2073,8.106666667
2074,8.988
2075,9.77
2076,9.603333333
2077,9.8775
2078,9.1175
2079,8.081666667
2080,7.095
2081,6.673333333
2082,5.991666667
2083,8.843333333
2084,6.506666667
2085,6.816666667
2086,6.365
2087,6.668333333
2088,7.271666667
2089,7.253333333
2090,7.181666667
2091,5.933333333
2092,5.415
2093,5.511666667
2094,6.041666667
2095,5.433333333
2096,5.788333333
2097,6.898333333
2098,6.081666667
2099,4.471666667
2100,5.111666667
2101,4.991666667
2102,4.661666667
2103,4.275
2104,5.021666667
2105,5.288333333
2106,5.935
2107,4.665
2108,3.961666667
2109,3.31
2110,5.231666667
2111,3.56
2112,4.061666667
2113,3.495
2114,3.521666667
2115,4.041666667
2116,3.936666667
2117,4.356666667
2118,3.452
2119,4.018333333
2120,4.402
2121,3.1325
2122,3.276666667
2123,3.37
2124,4.788333333
2125,5.165
2126,7.001666667
2127,8.303333333
2128,8.211666667
2129,8.908333333
2130,8.123333333
2131,7.303333333
2132,8.881666667
2133,10.38666667
2134,9.798333333
2135,9.433333333
2136,8.733333333
2137,8.191666667
2138,7.106666667
2139,8.95
2140,9.498333333
2141,10.025
2142,6.87
2143,6.331666667
2144,6.073333333
2145,6.233333333
2146,8.156666667
2147,9.223333333
2148,7.485
2149,8.561666667
2150,8.938333333
2151,7.183333333
2152,6.983333333
2153,6.981666667
2154,6.011666667
2155,5.39
2156,5.071666667
2157,5.905
2158,6.72
2159,5.195
2160,4.688333333
2161,4.788333333
2162,4.858333333
2163,5.505
2164,5.516666667
2165,5.906666667
2166,7.04
2167,7.26
2168,8.173333333
2169,8.74
2170,7.948333333
2171,9.328333333
2172,9.291666667
2173,9.075
2174,9.158333333
2175,8.955
2176,7.791666667
2177,10.338
2178,7.758333333
2179,7.955
2180,6.853333333
2181,7.15
2182,7.386666667
2183,8.7175
2184,5.17
2185,6.001666667
2186,6.798333333
2187,6.016666667
2188,7.056666667
2189,6.336666667
2190,7.026666667
2191,7.413333333
2192,9.41
2193,8.976666667
2194,7.983333333
2195,8.28
2196,8.405
2197,6.78
2198,5.19
2199,4.815
2200,6.35
2201,8.935
2202,8.3
2203,10.13
2204,9.32
2205,8.433333333
2206,8.72
2207,10.32666667
2208,7.805
2209,8.383333333
2210,10.06833333
2211,10.22333333
2212,10.32166667
2213,10.25166667
2214,9.458333333
2215,8.78
2216,9.955
2217,11.02666667
2218,8.665
2219,9.238333333
2220,10.72833333
2221,11.915
2222,9.705
2223,9.205
2224,11.246
2225,11.55
2226,11.96
2227,8.245
2228,11.33333333
2229,10.69333333
2230,10.17666667
2231,11.775
2232,11.56166667
2233,7.546666667
2234,8.845
2235,12.125
2236,11.415
2237,10.73333333
2238,9.515
2239,5.733333333
2240,5.221666667
2241,5.566666667
2242,7.255
2243,9.44
2244,5.181666667
2245,4.608333333
2246,4.931666667
2247,4.965
2248,5.508333333
2249,6.496666667
2250,6.726666667
2251,6.996666667
2252,7.286666667
2253,9.971666667
2254,9.48
2255,8.933333333
2256,10.025
2257,10.92833333
2258,8.37
2259,9.115
2260,9.675
2261,8.436666667
2262,9.361666667
2263,8.773333333
2264,8.74
2265,9.96
2266,10.13
2267,5.392
2268,7.121666667
2269,8.391666667
2270,10.09166667
2271,13.03
2272,14.25166667
2273,16.8775
2274,15.535
2275,14.23333333
2276,10.84666667
2277,10.31333333
2278,13.93166667
2279,15.59666667
2280,13.5
2281,13.76833333
2282,12.26333333
2283,5.786666667
2284,6.53
2285,5.176666667
2286,4.222
2287,5.655
2288,7.151666667
2289,6.078333333
2290,6.01
2291,5.098333333
2292,4.395
2293,4.975
2294,5.503333333
2295,5.87
2296,6.985
2297,7.266666667
2298,7.996666667
2299,8.726666667
2300,8.325
2301,9.453333333
2302,8.055
2303,7.283333333
2304,5.863333333
2305,6.74
2306,8.321666667
2307,8.388333333
2308,9.025
2309,8.428333333
2310,9.2
2311,10.685
2312,11.5
2313,7.228333333
2314,7.221666667
2315,5.935
2316,5.781666667
2317,6.466666667
2318,7.248333333
2319,7.945
2320,7.745
2321,8.98
2322,9.516666667
2323,9.69
2324,10.22
2325,9.03
2326,10.81833333
2327,7.228333333
2328,5.68
2329,6.203333333
2330,7.5925
2331,8.575
2332,7.928333333
2333,7.798333333
2334,6.64
2335,7.665
2336,6.231666667
2337,5.406666667
2338,4.941666667
2339,5.125
2340,6.865
2341,7.866666667
2342,8.508333333
2343,8.2675
2344,8.195
2345,8.141666667
2346,7.051666667
2347,8.443333333
2348,5.945
2349,6.515
2350,6.308333333
2351,5.118333333
2352,5.025
2353,4.846666667
2354,5.053333333
2355,5.798333333
2356,6.906666667
2357,10.11333333
2358,8.993333333
2359,8.1625
2360,7.45
2361,7.475
2362,8.97
2363,10.54
2364,10.96
2365,12.00666667
2366,11.22
2367,16.584
2368,16.59666667
2369,14.91666667
2370,15.58333333
2371,15.455
2372,17.3325
2373,15.84333333
2374,16.53
2375,17.485
2376,19.08666667
2377,16.58833333
2378,13.24666667
2379,15.82
2380,17.0425
2381,15.18166667
2382,14.855
2383,15.575
2384,14.37
2385,15.45
2386,14.515
2387,14.80166667
2388,15.05666667
2389,14.16666667
2390,13.915
2391,13.95
2392,11.56
2393,10.08
2394,9.836
2395,9.7475
2396,9.403333333
2397,8.976666667
2398,9.761666667
2399,8.236666667
2400,7.996666667
2401,7.13
2402,6.43
2403,6.261666667
2404,6.51
2405,7.913333333
2406,8.226666667
2407,11.2325
2408,13.50333333
2409,12.43
2410,13.50666667
2411,13.06833333
2412,13.345
2413,13.87833333
2414,12.165
2415,13.895
2416,12.40666667
2417,11.62666667
2418,10.95
2419,8.58
2420,6.25
2421,12.6275
2422,15.99333333
2423,15.92666667
2424,14.99
2425,11.36
2426,8.56
2427,7.086666667
2428,5.785
2429,8.736666667
2430,9.266666667
2431,8.723333333
2432,8.626666667
2433,11.32666667
2434,10.58
2435,10.476
2436,10.685
2437,11.06
2438,10.47
2439,9.42
2440,9.01
2441,9.076666667
2442,7.895
2443,6.733333333
2444,5.906666667
2445,6.06
2446,6.046666667
2447,5.126666667
2448,4.673333333
2449,5.43
2450,5.191666667
2451,4.885
2452,3.528333333
2453,3.422
2454,4.8825
2455,5.146666667
2456,4.335
2457,4.06
2458,3.47
2459,3.626666667
2460,3.338
2461,3.56
2462,3.285
2463,4.738333333
2464,4.546666667
2465,4.725
2466,4.621666667
2467,4.296666667
2468,4.443333333
2469,4.623333333
2470,4.471666667
2471,5.035
2472,5.688333333
2473,5.525
2474,5.358333333
2475,6.121666667
2476,6.208333333
2477,5.561666667
2478,4.261666667
2479,4.09
2480,3.946666667
2481,4.74
2482,6.706666667
2483,7.4
2484,5.856666667
2485,6.446666667
2486,6.188333333
2487,6.763333333
2488,7.035
2489,6.2
2490,5.213333333
2491,6.006666667
2492,8.095
2493,11.86
2494,11.33333333
2495,10.38333333
2496,11.7375
2497,11.925
2498,10.9825
2499,8.996
2500,8.048333333
